"ID,""Nama Tempat"",""Kategori"",""Alamat"",""Link Maps"",""Latitude"",""Longitude"",""Rating"",""Jam Buka"",""Deskripsi Singkat"""
"1,""RM. BPK HALELUYA"",""Kuliner Tradisional Batak"",""Jl. Berdikari No.74, Padang Bulan, Kec. Medan Baru, Kota Medan, Sumatera Utara 20132"",""https://maps.app.goo.gl/EJKtCj5Et65ge3z57"",""3.555910168241800"",""98.65643775173430"",""4.5"",""10.00-21.00"",""Rumah makan khas Batak yang menyajikan Babi Panggang Karo (BPK) dengan cita rasa yang autentik"""
"2,""Hanami Coffee & Space"",""Kedai Kopi"",""Jalan Berdikari.94A Padang Bulan, II, Titi Rantai, Kec. Medan Baru, Kota Medan, Sumatera Utara 20155"",""https://maps.app.goo.gl/fz1zW3EWLgVEgBeA6"",""3.555917070002261"",""98.6538645048577"",""4.7"",""10.00-02.00"",""Kedai kopi dengan suasana nyaman dan tenang, menyajikan kopi serta teh enak, cocok untuk mahasiswa yang ingin bekerja atau bersantai"""
"3,""Rumah Makan Raihan"",""Restoran Padang"",""HM82+9WJ, Padang Bulan Selayang I, Kec. Medan Selayang, Kota Medan, Sumatera Utara 20153"",""https://maps.app.goo.gl/qPQCYLF2NxQQsT4FA"",""3.566051332944983"",""98.65224105200969"",""4.4"",""08.30-21.00"",""Restoran Padang yang nyaman dan cepat saji, menyajikan makanan halal untuk makan siang, cocok untuk keluarga maupun pengunjung berkelompok, tersedia layanan makan di tempat dan bawa pulang"""
"4,""Soto Safif Dodi"",""Warung Makanan Dan Minuman"",""Merdeka, Kec. Medan Baru, Kota Medan, Sumatera Utara 20153"",""https://maps.app.goo.gl/2x9yuNHi6SDy71t26"",""3.5679595093427183"",""98.65305318138245"",""4.8"",""07.10-00.00"",""Warung soto halal dengan layanan cepat saji, menyediakan pilihan makan di tempat maupun bawa pulang, serta menawarkan menu soto hangat dan kopi"""
"5,""Waroeng Triboy"",""Warung Makanan Dan Minuman"",""Jl. Dr. Mansyur No.120, Padang Bulan Selayang I, Kec. Medan Selayang, Kota Medan, Sumatera Utara 20131"",""https://maps.app.goo.gl/sJS38woNLi95d5R2A"",""3.5677215841915646"",""98.64832047858685"",""4.5"",""10.00-01.00"",""Warung kasual dengan suasana santai yang menyediakan layanan makan di tempat dan bawa pulang, memiliki fasilitas toilet serta akses ramah kursi roda, dengan pembayaran hanya tunai dan area parkir berbayar"""
"6,""Warkop mie aceh kamboja"",""Warung Makanan Dan Minuman"",""Jl. Jamin Ginting Pajustar No.10b, RT.00, Padang Bulan, Kec. Medan Baru, Kota Medan, Sumatera Utara 20155"",""https://maps.app.goo.gl/SbVkvcmDksR3ZyJX8"",""3.5623142873085727"",""98.66199681046704"",""5"",""15.00-00.00"",""Warung Mie Aceh dengan rasa yang mantap dan harga standar, melayani makan di tempat maupun pesan antar sekitar Gang Kamboja Jamin Ginting"""
"7,""WaffleLah & KopiMami"",""Restoran Makanan Cepat Saji"",""Gg. Senina No.37/45, Padang Bulan, Kec. Medan Baru, Kota Medan, Sumatera Utara 20155"",""https://maps.app.goo.gl/qPDQTvYZ8mDyiHcU8"",""3.5618231728382517"",""98.66142357833981"",""5"",""08.00-22.00"",""Restoran cepat saji yang menawarkan layanan ambil di tepi jalan dan pesan antar, menyajikan waffle dan hidangan rumahan dengan cita rasa enak, terutama menu waffle dan omelette yang jadi favorit pelanggan"""
"8,""RM. Hongkong"",""Warung Makanan Dan Minuman"",""Jl. Jamin Ginting No.196, Padang Bulan, Kec. Medan Baru, Kota Medan, Sumatera Utara 20222"",""https://maps.app.goo.gl/URyYBCb152tyaE6m8"",""3.5665798215159685"",""98.6612751592712"",""4.5"",""08.00-21.00"",""Rumah makan bakmie non-halal dengan menu babi dan ayam yang pernah dikenal enak dan ramah kantong. Serta cukup direkomendasikan"""
"9,""Kafe Kaleng"",""Kafe Vintage"",""Gg. Senina No.11, Padang Bulan, Kec. Medan Baru, Kota Medan, Sumatera Utara 20222"",""https://maps.app.goo.gl/xZZVqHceZrGD7rXN6"",""3.5605994617400634"",""98.66112132736706"",""4.4"",""10.00-22.00"",""Kafe retro hidden gem dekat USU dengan harga sangat terjangkau, tempat luas dua lantai, penuh permainan jadul, dan jadi favorit mahasiswa karena suasana nyaman serta fasilitas lengkap"""
"10,""Warung Yuda"",""Warung Makanan Dan Minuman"",""HM56+XJG, Jl. Jamin Ginting, Padang Bulan, Kec. Medan Baru, Kota Medan, Sumatera Utara 20155"",""https://maps.app.goo.gl/eB8UNVCyUPmQ2Mwk8"",""3.5599350307447900"",""98.66158249751430"",""4.0"","""",""Warung ini merupakan salah satu pilihan kuliner di area Pajus yang ramai dengan berbagai tempat makan dan toko lainnya"""
"11,""Banroll Djamin"",""Toko Makanan"",""Jl. Jamin Ginting No.454, Padang Bulan, Kec. Medan Baru, Kota Medan, Sumatera Utara 20155"",""https://maps.app.goo.gl/498rrp1WJ6AdiHb78"",""3.5625273697736100"",""98.66283678515490"",""5"",""10.00-21.00"",""Toko makanan yang menyediakan berbagai jenis jajanan sederhana yang ramah dikantong para pelajar ataupun mahasiswa"""
"12,""Warkop Gantang"",""Kedai Kopi"",""Jl. Jamin Ginting, Titi Rantai, Kec. Medan Baru, Kota Medan, Sumatera Utara 20156"",""https://maps.app.goo.gl/MySFr9iqEdLmTnQg8"",""3.555118529899590"",""98.6611501318856"",""4.4"",""24 Jam"",""Warung kopi tradisional dekat USU, terkenal dengan kopi susu, teh susu, dan lemon tea hangat. Tempatnya sederhana, ramai, dan murah"""
"13,""Keude Kupie Ulee Kareng & Gayo II"",""Kafe"",""Jl. Dr. Mansyur No.80 A, Padang Bulan Selayang I, Kec. Medan Selayang, Kota Medan, Sumatera Utara 20153"",""https://maps.app.goo.gl/RfwjPntV2hQmnpocA"",""3.5677274743538800"",""98.65174327345930"",""4.3"",""08.00-23.00"",""Tempat ngopi nyaman dengan kopi enak, banyak pilihan makanan, cocok untuk sarapan sampai malam, dan bisa untuk kerja laptop"""
"14,""MINBAR Roti Bakar Mozarella"",""Kafe Keluarga"",""Gg. Sehat No.14a, Padang Bulan Selayang I, Kec. Medan Selayang, Kota Medan, Sumatera Utara 20153"",""https://maps.app.goo.gl/yHD2e4TB2wGgwSMW7"",""3.5661347021787400"",""98.6492653170955"",""4.5"",""11.00-22.00"",""MINBAR Roti Bakar Mozarella menjual berbagai macam varian Roti Bakar berkualitas tinggi yang berbeda dari roti bakar pada umumnya. Serta harganya cukup terjangkau"""
"15,""Haus Bowl"",""Kafe"",""Jl. SMTK Medan No.10, Padang Bulan Selayang I, Kec. Medan Selayang, Kota Medan, Sumatera Utara 20154"",""https://maps.app.goo.gl/o7WdBUixpRMsYVEv6"",""3.5652560124978000"",""98.64746965655040"",""4.4"",""09.30-22.00"",""Haus Bowl adalah cafe di dalam Terminal Sport Center yang menjual aneka varian ricebowl beserta minuman, snack dan hidangan lain"""
"16,""Pawon Sego Rawon"",""Kedai Sarapan Dan Makan Siang"",""HJ7W+P6C, Padang Bulan Selayang I, Kec. Medan Selayang, Kota Medan, Sumatera Utara 20154"",""https://maps.app.goo.gl/SLcmYoMHvcjbEatc7"",""3.5644176827184000"",""98.64554546602830"",""5"","""",""Awon Sego Rawon adalah Warung rawon dengan kuah kental dan rasa autentik khas Surabaya"""
"17,""Ayam Geprek Pedas Gila Kak Bintang"",""Warung Nasi"",""Jl. Abdul Hakim No.4b, Padang Bulan Selayang I, Kec. Medan Selayang, Kota Medan, Sumatera Utara 21313"",""https://maps.app.goo.gl/RP2iWYmXKTHCxHXq6"",""3.5591120347474200"",""98.65150725177940"",""4.5"",""10.00-22.00"",""Warung ayam geprek dengan cabai yang pedas, harga murah cocok untuk kantong para mahasiswa usu dan dekat dengan kampus usu"""
"18,""Ayam Penyet mbak susi"",""Warung Nasi Ayam"",""HM52+HQJ, Gg. Susuk II, Tj. Sari, Kec. Medan Baru, Kota Medan, Sumatera Utara 20155"",""https://maps.app.goo.gl/v9Yx2aqfodCXx55r7"",""3.558966989708490"",""98.651809050311"",""5"",""12.00-21.00"",""Warung nasi ayam penyek yang murah yaitu 10 ribu, cocok untuk mahasiswa yang ngekos di sekitar susuk dan dekat dengan pintu jebol usu"""
"19,""Arundary Cafea and Space"",""Kafe"",""Jl. Usu No.122, Padang Bulan, Kec. Medan Baru, Kota Medan, Sumatera Utara 20153"",""https://maps.app.goo.gl/bxgpx5yv9VHYrsBx7"",""3.559435734337490"",""98.65198049693400"",""5"",""14.00-00.30"",""Kafe kecil dekat USU dan dekat lapangan futsal, tempatnya tenang dan cocok untuk ngopi atau ngerjain tugas"""
"20,""Rumah Makan Bunda Taufik"",""Warung Padang"",""HM52+JV2, Jl. Abdul Hakim, Padang Bulan, Kec. Medan Baru, Kota Medan, Sumatera Utara 20155"",""https://maps.app.goo.gl/RAuYniN3LXTiYUJe6"",""3.5590171129171000"",""98.65214081831640"",""5"",""10.00-21.00"",""Warung nasi padang yang menyediakan berbagai jenis lauk dan sayur dengan harga murah, tempat ini cocok untuk mahasiwa yang sedang mencari makan siang di susuk"""
"21,""ZIDAN BURGER"",""Restoran Hamburger"",""Gg. Susuk II No.12, Padang Bulan Selayang I, Kec. Medan Baru, Kota Medan, Sumatera Utara 20155"",""https://maps.app.goo.gl/hCDoiA4d6PBNogTp6"",""3.558407417750220"",""98.65208985207310"",""5"",""14.00-22.00"",""Warung gerobak burger pinggir jalan dengan harga murah """
"22,""Kedai Rings"",""Kafetaria"",""Gg. Susuk II, Padang Bulan Selayang I, Kec. Medan Selayang, Kota Medan, Sumatera Utara 20155"",""https://maps.app.goo.gl/PKN2xr5nPxzD9z4o8"",""3.5584027329340900"",""98.65186817942260"",""4.7"",""10.00-23.00"",""Tempat makan kecil dengan suasana menarik, makanan enak, dan harga terjangkau"""
"23,""RM Putri Sion Tarigan"",""Warung Padang"",""Jl. Abdul Hakim No.15, Padang Bulan, Kec. Medan Baru, Kota Medan, Sumatera Utara 20222"",""https://maps.app.goo.gl/vdWpjN8Q8rRchWTS6"",""3.5589800363327100"",""98.65126574683350"",""4.4"",""07.00-21.00"",""Warung nasi padang yang menyediakan berbagai jenis lauk dan sayur dengan harga murah, tempat ini cocok untuk mahasiwa yang sedang mencari makan siang di susuk"""
"24,""Bakmie Yona"",""Warung Mie Non-Halal"",""Gg. Susuk 5 No.21-23, Padang Bulan Selayang I, Kec. Medan Selayang, Kota Medan, Sumatera Utara 20155"",""https://maps.app.goo.gl/BbjHjTaKspoN81cNA"",""3.5589093622088500"",""98.65092068908800"",""4.1"",""14.00-01.00"",""Warung bakmie non halal yang murah di sekitaran susuk, memiliki rasa yang enak dan tempatnya sederhana"""
"25,""Warkop OXA"",""Kafe"",""Jl. Berdikari Ujung, Gg. Susuk II No.Simpang, Padang Bulan Selayang I, Kec. Medan Selayang, Kota Medan, Sumatera Utara 20131"",""https://maps.app.goo.gl/BuZyvNtjQgkgBZz86"",""3.5557354633071600"",""98.6519654859701"",""4.6"",""24 Jam"",""Warkop nyaman dengan makanan dan minuman enak, harga ramah anak kos. Ada fasilitas billiard, karaoke, dan bisa sambil cuci kendaraan"""
"26,""Sanubari Coffee"",""Kedai Kopi"",""Jl. Berdikari No.105 C, Padang Bulan, Kec. Medan Selayang, Kota Medan, Sumatera Utara 20155"",""https://maps.app.goo.gl/duhbtEj65JeiJZoy6"",""3.5555951852072000"",""98.65184333410740"",""4.9"",""10.00-03.00"",""Kafe tenang dengan makanan enak dan kopi nikmat, harga murah, dan pelayanan ramah. Cocok untuk nongkrong malam atau ngerjain tugas"""
"27,""Warkop Choro"",""Kafe"",""Jl. Harmonika Baru No.110, Padang Bulan Selayang II, Kec. Medan Selayang, Kota Medan, Sumatera Utara 20132"",""https://maps.app.goo.gl/ZTazpb1p6NFsaxex8"",""3.555258546610160"",""98.65068297831440"",""4.8"",""24 Jam"",""Warkop santai dengan karaoke 24 jam, WiFi, dan harga ekonomis. Bisa nongkrong sambil ngopi dan karaokean"""
"28,""J&M COFFEE-TEA"",""Restoran"",""Jl. Harmonika Baru Jl. Setia Budi No.111 Pasar 2, Padang Bulan Selayang II, Medan Selayang, Medan City, North Sumatra 20155"",""https://maps.app.goo.gl/cgNn6e9TaaytLH9N7"",""3.5546960319396400"",""98.65068760345380"",""4.7"",""15.00-01.30"",""Kafe dengan makanan murah, rasa enak, dan pelayanan cepat. Tempatnya nyaman, bisa karaoke, dan sering ada event di akhir pekan"""
"29,""RM. Ola Kisat 2 (Berdikari)"",""Restoran"",""Jl. Berdikari No.34, Padang Bulan, Kec. Medan Baru, Kota Medan, Sumatera Utara 20157"",""https://maps.app.goo.gl/RTuxo8zjydtcA3Vz8"",""3.555934835354630"",""98.65877609016650"",""4.1"",""10.00-00.00"",""Rumah makan dengan menu BPK dan iga, rasa enak dan harga standar seperti cabang lainnya. Tempatnya bagus dan masih baru, meski parkiran sempit"""
"30,""Warung Bakso Riski"",""Restoran Bakso"",""Jl. Harmonika No.10A, Titi Rantai, Kec. Medan Baru, Kota Medan, Sumatera Utara 20156"",""https://maps.app.goo.gl/cV11DfFzVad8Egsv8"",""3.5550795558619800"",""98.66004674095640"",""4.4"",""11.00-22.00"",""Bakso populer dengan rasa enak, harga murah, dan porsi mengenyangkan. Tempatnya kini lebih luas dan bersih, cocok untuk mahasiswa"""
"31,""Warkop TA"",""Kafe"",""Jl. Terompet No.1 B, Titi Rantai, Kec. Medan Baru, Kota Medan, Sumatera Utara 20157"",""https://maps.app.goo.gl/XJ6vkUo2F1qpoubTA"",""3.554246622296530"",""98.65962471680600"",""4.3"",""09.00-00.00"",""Warkop untuk anak muda, cocok untuk ngopi, minum jus, main game, atau nongkrong bareng teman"""
"32,""Warkop 63"",""Kedai Kopi"",""Jl. Terompet No.25, Titi Rantai, Kec. Medan Baru, Kota Medan, Sumatera Utara 20157"",""https://maps.app.goo.gl/2DCwftHJsXiPPUwY6"",""3.5543831518299700"",""98.65827698258770"",""5"",""15.00-03.00"",""Warkop sederhana dengan pilihan makanan dan minuman lengkap, harga murah tapi kualitas tetap bagus"""
"33,""Someday Coffeebar & Pastry"",""Kafe"",""Jl. DR. Sumarsono No.54/58, Merdeka, Kec. Medan Baru, Kota Medan, Sumatera Utara 20153"",""https://maps.app.goo.gl/JrvdxovEKHSFkLMc9"",""3.569811862926470"",""98.65415621257170"",""4.7"",""10.00-21.00"",""Cafe baru dekat USU dengan tempat yang aesthetic dan nyaman. Cocok untuk nongkrong, foto OOTD, atau datang bareng teman/keluarga"""
"34,""Hazza Coffe"",""Kedai Kopi"",""Jl. Sei Asahan No.51, Padang Bulan Selayang I, Kec. Medan Selayang, Kota Medan, Sumatera Utara"",""https://maps.app.goo.gl/tor3k7UxMtXP4hQa7"",""3.5718350069614600"",""98.65080910101530"",""4.3"",""10.00-23.00"",""Kafe baru buka dekat usu yang luas dan tenang, cocok untuk ngerjain tugas atau WFO. Banyak tempat duduk, banyak pohon, dan suasananya chill"""
"35,""RM. Chinesse Food Peringgan Jaya"",""Restoran China"",""HM95+QW7, Merdeka, Kec. Medan Baru, Kota Medan, Sumatera Utara 20222"",""https://maps.app.goo.gl/4djikoapKSyMivyw8"",""3.5694337359429600"",""98.65979947148010"",""4.7"",""08.00-22.00"",""Rumah makan Chinese food non-halal dengan menu sarapan hingga makan malam. Rasa enak dan cukup murah"""
"36,""Ayam Penyet Mas Putra"",""Warung Nasi Ayam"",""Jl. Harmonika Baru, Padang Bulan Selayang II, Kec. Medan Baru, Kota Medan, Sumatera Utara 20155"",""https://maps.app.goo.gl/r28bJwoKa82RkmTM9?g_st=aw"",""3.5559728045249543 "",""98.65453586322555"",""4.5"",""10.16-23.16wa"",""warung nasi ayam penyet, enak. Murah memiliki banyak tempat duduk tempatnya adem dan nyaman memiliki sambal yang uwenak pol """
"37,""warkop gundaling"",""kedai kopi "",""Jl. Harmonika, Titi Rantai, Kec. Medan Baru, Kota Medan, Sumatera Utara 20157"",""https://maps.app.goo.gl/xsTUaoRrEDNaYE2X9?g_st=ac"",""3.555217321882923"",""98.65511958817486"",""4.4"",""09.00-01.00"",""warung kopi , memiliki free wifi, harga terjangkau cocok untuk mahasiswa nongkrong atau mengerjakan tugas dan menjual makanan seperti indomie, nasgor dan mihun goreng juga menjual tst """
"38,""fallow"",""kedai kopi/café"",""l. Berdikari No.92, Padang Bulan, Kec. Medan Baru, Kota Medan, Sumatera Utara 20222"",""https://maps.app.goo.gl/YARw3SzbQwC8oNxV9?g_st=ac"",""3.5559237354966733"","" 98.655365321586"",""4.5"",""10.00-23.00"",""café yang mempunya tempat nyaman parkir luas cocok untuk nongki dan mengerjakan tugas """
"39,""ayam geprek 63"",""warung nasi ayam "",""Jl. Berdikari No.63, Padang Bulan, Kec. Medan Baru, Kota Medan, Sumatera Utara 20157"",""https://maps.app.goo.gl/bnnPRgQaWVwBXFqa8?g_st=ac"",""3.555723727351971"",""98.65588455227315"",""4.4"",""10.00-23.00"",""warung nasi ayam yang mempunyai menu andalan yaitu ayam geprek dan ayam penyet andaliman """
"40,""kedai jus lagarsi"",""kafe"",""Jl. Berdikari No.74B, Padang Bulan, Kec. Medan Baru, Kota Medan, Sumatera Utara 20157"",""https://maps.app.goo.gl/nnGprLX5y2NzQbMW7"",""3.5839274298976127"",""98.65559523469727"",""5"",""10.00-21.30"",""kafe untuk minum jus yang murah meriah muntah lezat dan bergizi wajib di coba dan mempunya tempat yang nyaman"""
"41,""warkop pande besi"",""kedai kopi"",""Jl. Berdikari, Padang Bulan, Kec. Medan Baru, Kota Medan, Sumatera Utara 20157"",""https://maps.app.goo.gl/KmphyX8KMuzcV8eM6?g_st=ac"",""3.55597697639525,"",""98.65672699275017"",""4.8"",""24 jam"",""warung kopi kekinian cocok untuk tempat nongkrong tempat nyaman dan aman, memiliki harga standar dan rasa yang sangat enak """
"42,""ayam penyet gideon"",""warung ayam penyet"",""Jl. Berdikari No.38, Padang Bulan, Kec. Medan Baru, Kota Medan, Sumatera Utara 20157"",""https://maps.app.goo.gl/aNALfAbvoLH3mUo56?g_st=aw"",""3.556521748255632"",""98.65854802321749"",""4.4"",""11.00-00.00"",""warung nasi ayam penyet, enak dan murah"""
"43,""RM juma jambu "",""warung nasi"",""Jl. Berdikari No.5, Padang Bulan, Kec. Medan Baru, Kota Medan, Sumatera Utara 20157"",""https://maps.app.goo.gl/7z7RA1MssDsKpV8w6?g_st=aw"",""3.5594974033899187"","" 98.66086158988395"",""4.5"",""10.00-22.00"",""warung nasi, harga murah, enak, free tambah nasi dan menerima rantangan """
"44,""bakmi """"tim david"""""",""warung mie  "",""Jl. Universitas No.2, Padang Bulan, Kec. Medan Baru, Kota Medan, Sumatera Utara 20156"",""https://maps.app.goo.gl/bdE2AkhYcxYkMdYY9?g_st=aw"",""3.555788158293262"",""98.66058415042191"",""4.8"",""09.00-00.00"",""warung bakmi harga terjangkau untuk anak sekolahan dan mahasiswa dan rasa yang sangat enak """
"45,""ayam penyet balapan solo 09"",""warung ayam penyet"",""Jl. Harmonika, Titi Rantai, Kec. Medan Baru, Kota Medan, Sumatera Utara"",""https://maps.app.goo.gl/nn6x37yEUUazJvgn6?g_st=aw"",""3.5552043847845867"",""98.6606256369296"",""5"",""11.00-22.00"",""warung ayam penyet, tempat santai, cocok untuk anak-anak dan nyaman serta memiliki harga yang sangat amat terjangkau """
"46,""nanami chinise food"",""warung makan cina"",""Jl. Harmonika, Titi Rantai, Kec. Medan Baru, Kota Medan, Sumatera Utara 20157"",""https://maps.app.goo.gl/auVQy6zBtNw2BXTS9?g_st=ac"",""3.555288092952488"",""98.66028685042194"",""4.7"",""10.00-22.00"",""warung makan cina, non halal, nyaman, cocok untuk anak-anak memiliki rasa yang otentik """
"47,""rumah makan putra minang"",""warung nasi padang"",""HJ7Q+WW8, Jl. Setia Budi, Tj. Rejo, Kec. Medan Sunggal, Kota Medan, Sumatera Utara 20132"",""https://maps.app.goo.gl/rHU8tVrHVsoytmDt8?g_st=aw"",""3.566672019610667"",""98.63983339888951"",""4.2"",""09.00-22.00"",""warung nasi padang, Rasa makanan di sini enak dan harganya super terjangkau."""
"48,""warkop ributa"",""warung kopi"",""Jl. Harmonika No.20, Titi Rantai, Kec. Medan Baru, Kota Medan, Sumatera Utara 20157"",""https://maps.app.goo.gl/bdgXk8YoLDhAbezr8?g_st=aw"",""3.555254019249971"","" 98.65954409645262"",""5.0"",""07.00-23.00"",""warung kopi yang menjual berbagai macam minuman, nyaman dan enak """
"49,""warkop Al"",""kedai kopi"",""Jl. Harmonika No.25, Titi Rantai, Kec. Medan Baru, Kota Medan, Sumatera Utara 20157"",""https://maps.app.goo.gl/pJj34ywbsPF8g9c57?g_st=aw"",""3.555529656839591"",""98.65957626109672"",""5.0"",""24 jam "",""warung kopi yang cocok untuk nugas tempatnya nyaman minumannya enak dan free wifi"""
"50,""skuy coffe house "",""restoran"",""Jl. Harmonika No.35, Titi Rantai, Kec. Medan Baru, Kota Medan, Sumatera Utara 20157"",""https://maps.app.goo.gl/69tDtVR2ectXLvnh7?g_st=aw"",""3.5625677879855573"",""98.66082363912837"",""4.8"",""15.00-00.00"",""restoran, Tempatnya nyaman, menu nya cukup banyak dan recommended , utk harganya terjangkau."""
"51,""kopi dari hati pasar baru padang bulan medan "",""kedai kopi"",""Jl. Ps. Baru No.39, Padang Bulan, Kec. Medan Baru, Kota Medan, Sumatera Utara 20155"",""https://maps.app.goo.gl/WiCjaEZxVee7VRHx9?g_st=aw"",""3.5522336691294147"",""98.65553618481158"",""4.8"",""14.00-21.00"",""Kopi nya mantap, apalagi yg avocado. Suasana tenang. Vibesnya seperti di rumah """
"52,""penabur kopi"",""kedai kopi"",""Jl. Ps. Baru No.57, Titi Rantai, Kec. Medan Baru, Kota Medan, Sumatera Utara 20157"",""https://maps.app.goo.gl/5PgqBMX1qkXSwFJ9A?g_st=aw"",""3.554715501747883"",""98.6536566465207"",""4.7"",""10.00-01.00"",""kedai kopi Makanannya lezat, kopinya nikmat"""
"53,""coffe hitam putih"",""kedai kopi"",""Jl. Ps. Baru No.54, Titi Rantai, Kec. Medan Baru, Kota Medan, Sumatera Utara 20157"",""https://maps.app.goo.gl/b5roauptgXkq4ZPt6?g_st=aw"",""3.5525382690548812"",""98.65402732158599"",""4.0"",""13.00-22.00"",""tidak terlalu ramai, Cocok buat nongkrong, ada live music nya,"""
"54,""bloum café"",""café"",""Jl. Ps. Baru No.55, Titi Rantai, Kec. Medan Baru, Kota Medan, Sumatera Utara 20157"",""https://maps.app.goo.gl/ETHSH8dKpgkkfZsC9?g_st=aw"",""3.5522036773626073"","" 98.654025381109"",""3.8"",""12.00-00.00"",""café dengan Makanan yang enak dengan pelayanan yang  bagus sangat recommend."""
"55,""rumah makan khas batak hasiholi"",""rumah makan khas batak"",""Jl. Piano No.30, Titi Rantai, Kec. Medan Baru, Kota Medan, Sumatera Utara 20156"",""https://maps.app.goo.gl/h6d6fKsg8bVvUaULA?g_st=aw"",""3.553180078546037"","" 98.65366697925779"",""4.2"",""11.00-21.30"",""rumah makan khas batak non halal yang menyajikan saksang dan ketika makan di sini Serasa makan di rumah"""
"56,""ayam penyet surakarta"",""warung nasi ayam "",""Jl. Pembangunan No.73, Padang Bulan, Kec. Medan Baru, Kota Medan, Sumatera Utara 20153"",""https://maps.app.goo.gl/Jp6gCiAo6unyMog87?g_st=aw"",""3.5642459772487576"",""98.65227925412445"",""5.0"",""10.00-22.00"",""warung nasi ayam penyet, enak dan murah dan tempatnya sangat terjangkau """
"57,""mie ayam bakso mas qohhar"",""warung bakso dan mie ayam "",""Jl. Pembangunan No.59, Padang Bulan, Kec. Medan Baru, Kota Medan, Sumatera Utara 20153"",""https://maps.app.goo.gl/oLcrcAXu43wxqEYb8?g_st=aw"",""3.5653041224440027"",""98.65254861179626"",""4.7"",""11.00-23.00"",""warung mie ayam dan bakso , Baksonya enak,komplit pakai tahu, kerupuk pangsit, kadang dapat tulang atau daging tambahan. Harga murah dan ngenyangin (anak kos friendly)."""
"58,""mie ayam jamur pembangunan"",""warung mie ayam "",""Jl. Pembangunan No.38, Padang Bulan, Kec. Medan Baru, Kota Medan, Sumatera Utara 20153"",""https://maps.app.goo.gl/pxY4aJN2y1tJA7fWA?g_st=aw"",""3.5649106175560843"",""98.65194772343733"",""3.3"",""11.00-22.00"",""warung mie ayam, rasanya enak topingnya melimpah dan harga sangat terjangkau"""
"59,""warung ayam penyet mas sudi nasi uduk amplaati"",""warung nasi"",""Padang Bulan Selayang I, Kec. Medan Selayang, Kota Medan, Sumatera Utara"",""https://maps.app.goo.gl/qi4PaF7wnpTv92ig8?g_st=aw"",""3.5653600416941895"",""98.65212379275019"",""4.2"",""10.00-00.00"",""warung nasi, menjuak nasi uduk yang enak dan harga murah dengan lauk yang sangat lengkap"""
"60,""pisang keju dandelion"",""kedai cepat saji"",""Jl. Pembangunan No.59, Padang Bulan, Kec. Medan Baru, Kota Medan, Sumatera Utara 20153"",""https://maps.app.goo.gl/2uzvXqgjRmocxdcj7?g_st=aw"",""3.565172825584416"",""98.6524314946014"",""5.0"",""11.00-21.00"",""kedai cepat saji yang menjual pisang yang sangat enak"""
"61,""kantin mami"",""rumah makan  "",""Jalan Pembangunan usu No.9, Padang Bulan, Kec. Medan Baru, Kota Medan, Sumatera Utara 20155"",""https://maps.app.goo.gl/xcYwREYWoYGaBkWF6?g_st=aw"",""3.5664906931021076"",""98.65238117925789"",""4.3"",""07.00-22.00"",""rumah makan dengan Menu lengkap & Pelayanan baik"""
"62,""bakso pentol judes"",""warung bakso  "",""Jl. Dr. Mansyur No.100, Padang Bulan Selayang I, Kec. Medan Selayang, Kota Medan, Sumatera Utara 20153"",""https://maps.app.goo.gl/XkEtt8JiZGXWUdkN9?g_st=aw"",""3.571536010804547"",""98.65516794984951"",""3.7"",""14.00-22.00"",""warung bakso pentol yang menjual pentol pedas enak dan harga terjangkau """
"63,""sarapan pagi (mie balap alfath)"",""warung makan  "",""Jl. Dr. Mansyur No.82, Merdeka, Kec. Medan Selayang, Kota Medan, Sumatera Utara 20153"",""https://maps.app.goo.gl/yb2rY6UQrWPQhfJk6?g_st=aw"",""3.5677538331452965"","" 98.65279108481168"",""4.5"",""06.30-12.00"",""warung sarapan menjual sarapan mie balap yang enak dan murah terkadang malam juga buka """
"64,""coffe run"",""café"",""Jl. Dr. Mansyur, Merdeka, Kec. Medan Baru, Kota Medan, Sumatera Utara"",""https://maps.app.goo.gl/SBDgLAfFTEDDzqbN9?g_st=aw"",""3.5676926251122887"",""98.6589230811091"",""5.0"",""12.00-23.00"",""kedai kopi yang menjual anek kopi dan memiliki latte art tempatnya sangat nyaman dan cocok untuk pelajar atau mahasiswa cocok juga untuk anak kecil"""
"65,""warung bakso mas sigit"",""warung bakso "",""HM96+225, Jl. Dr. Mansyur, Merdeka, Kec. Medan Baru, Kota Medan, Sumatera Utara 20222"",""https://maps.app.goo.gl/ad1DyDynE3osBfVp6?g_st=aw"",""3.5695739423664428"",""98.66149528988403"",""4.3"",""12.00-22.00"",""warung bakso enak, harga terjangkau dan mempunyai tempat yang lumayan sempit namun tetap nyaman """
"66,""RM endang"",""rumah makan "",""Jl. Jamin Ginting No.211, Padang Bulan, Kec. Medan Selayang, Kota Medan, Sumatera Utara 20131"",""https://maps.app.goo.gl/wAHe8EbpRndhE6iy8?g_st=aw"",""3.5670910091210732"",""98.66139950994503"",""4.0"",""07.00-21.30"",""rumah makan murah dan enak ada juga gorengan yang di goreng langsung serta memiliki tempat yang luas """
"67,""bakso PDII PakDe"",""warung bakso "",""HM86+6V7, Jl. Jamin Ginting, Padang Bulan, Kec. Medan Baru, Kota Medan, Sumatera Utara 20157"",""https://maps.app.goo.gl/naFHpaHH6MTFNpTA9?g_st=aw"",""3.5656440770845688"","" 98.66215979460148"",""4.1"",""12.00-22.00"",""warung bakso, memiliki rasa bakso yang enak serta penjual yang ramah dan baik dengan harga Rp.2000 sudah bisa makan miso """
"68,"" warkop kopi kita kita"",""kedai kopi"",""Jl. Jamin Ginting No.300, Padang Bulan, Kec. Medan Baru, Kota Medan, Sumatera Utara 20155"",""https://maps.app.goo.gl/DP4NLNwTDqAgGdZBA?g_st=aw"",""3.5641932794839244"",""98.66339291399896"",""5.0"",""06.30-23.00"",""kedai kopi, memiliki layanan pesan antar serta tempat yang luas dan nyaman juga ada free wifi dan menjual minuman seperti tst, the tawar dan minuman-minuman pada umumnya """
"69,""kantin amik"",""rumah makan "",""Jl. Jamin Ginting No.20, Padang Bulan, Kec. Medan Baru, Kota Medan, Sumatera Utara 20157"",""https://maps.app.goo.gl/ofdqYRsjoTeWBFx89?g_st=aw"",""3.5604118427355607"",""98.66205410809373"",""4.4"",""06.30-20.00"",""rumah makan, memiliki area parkir yang luas, wifi yang lancar, makanan yang enak tempat nyaman. Bisa untuk tempat nongkrong, tempat untuk kumpul dengan keluarga serta ramah di kantong pelajar, mahasiswa dan driver gojek dan grab"""
"70,""ima brownies"",""toko kue"",""HM56+XR8, Jl. Jamin Ginting, Padang Bulan, Kec. Medan Baru, Kota Medan, Sumatera Utara 20157"",""https://maps.app.goo.gl/kK7gBmzkC2gGQo2E7?g_st=aw"",""3.5619631593796526"","" 98.66224236026382"",""3.5"",""08.00-21.30"",""toko kue yang menjual brownies bakar! Padat, keras, lumer di mulut saat di makan"""
"71,""bakso pakde belambangan"",""warung bakso"",""Jl. Jamin Ginting No.816, Padang Bulan, Kec. Medan Baru, Kota Medan, Sumatera Utara 20157"",""https://maps.app.goo.gl/K8ALzpiNSY5NqNiK6?g_st=aw"",""3.5600815590731663"",""98.661815021586"",""3.4"",""12.00-22.00"",""warung bakso yang sangat berdaging kaldu yang medok, memiliki porsi yang besar serta harga yang terjangkau serta tempat ini memiliki kekurangan yaitu tidak memiliki kamar mandi tetapi tempatnya nyaman dan menunggu antrian tidak terlalu lama """
"72,""mie aceh bang har "",""warung mie"",""Jl. Jamin Ginting, Padang Bulan, Kec. Medan Baru, Kota Medan, Sumatera Utara 20155"",""https://maps.app.goo.gl/CWXawecufouXNKFv9?g_st=aw"",""3.5596901591645773"",""98.66196695782693"",""3.8"",""09.00-21.30"",""warung mie aceh dengan rasa yang enak, harga terjangkau serta porsi yang besar dan memiliki layanan pesan antar sekitaran usu serta bisa pesan lewat wa dan ambil ke tempat """
"73,""ATEKU KOPI"",""kedai kopi"",""Jl. Terompet No.2, Titi Rantai, Kec. Medan Baru, Kota Medan, Sumatera Utara 20157"",""https://maps.app.goo.gl/CrZBgJrjuSsGZTNL8"",""3.5553659553089876"",""98.65990445197276"",""4.7"",""10.30–00.00"",""Kedai kopi dengan suasana nyaman dan tenang, menyajikan kopi serta teh enak, cocok untuk mahasiswa yang ingin bekerja atau bersantai"""
"74,""Warung Syaidin Fadilah"",""rumah makan"",""Kampus USU, usu, Gg. Pendidikan No.1, Padang Bulan Selayang I, Kec. Medan Selayang, Kota Medan, Sumatera Utara 20155"",""https://maps.app.goo.gl/H957weUUxc48qAUy7"",""3.567352242557644"",""98.65232810559716"",""4.3"",""08.00–21.00"",""rumah makan yang menyajikan makanan khas indonesia dengan harga yang derjangkau"""
"75,""Champion Cafe Medan"",""café"",""Jl. Dr. Mansyur No.134, Padang Bulan Selayang I, Kec. Medan Selayang, Kota Medan, Sumatera Utara 20122"",""https://maps.app.goo.gl/kxAkN99t3tTTUyU16"",""3.5678332767266796"",""98.64658123039578"",""4.5"",""11.00-01.30"",""café populer yang fokus dengan tema sepakbola"""
"76,""Putri Minang Chaniago Rumah Makan"",""rumah makan"",""Jl. Abdul Hakim Kampung Susuk No.11 A, Padang Bulan Selayang I, Kec. Medan Selayang, Kota Medan, Sumatera Utara 20155"",""https://maps.app.goo.gl/TNqBCNXevNMCPR6C9"",""3.5605847319086465"",""98.65202769819342"",""4.4"",""10.30–20.00"",""warung makan dengan harga terjangkau"""
"77,""Teteng"",""café"",""Padang Bulan, Kec. Medan Baru, Kota Medan, Sumatera Utara 20222"",""https://maps.app.goo.gl/M5DqpYk4dtBbLvwx7"",""3.557201121910186"",""98.65749819479477"",""3.4"",""08.00-18.00"",""Cafe di area Universitas Sumatera Utara ini menawarkan suasana nyaman, kopi dan makanan ringan, cocok untuk nongkrong, belajar, atau diskusi santai."""
"78,""sabah coffe & place"",""kedai kopi"",""Jl. Harmonika Baru No.111, Padang Bulan Selayang II, Kec. Medan Selayang, Kota Medan, Sumatera Utara 20155"",""https://maps.app.goo.gl/bQjk61GfBr4p3ZaE9"",""3.555127371296657"",""98.6512524924059"",""4.6"",""24 jam"",""kedai kopi kekinian dengan harga terjangkau"""
"79,""Garpoo Café"",""café"",""Jl. Dr. Mansyur No.68AB, Merdeka, Kec. Medan Baru, Kota Medan, Sumatera Utara 20153"",""https://maps.app.goo.gl/GLEEvRvLuRAsWftB9"",""3.5677762447785457"",""98.65669421972594"",""4.1"",""09.00–23.00"",""Garpoo Cafe adalah kafe kekinian di Medan (Jl. Mayjen D.I. Panjaitan No. 185) yang menyajikan suasana cozy dengan area indoor dan outdoor yang cukup luas. """
"80,""Inter Cafe USU"",""café"",""Jl. Universitas No.26, Padang Bulan, Kec. Medan Baru, Kota Medan, Sumatera Utara 20222"",""https://maps.app.goo.gl/XzecAdBaAxHJn6Xq6"",""3.561718562278068"",""98.66078957535643"",""4.4"",""10.00-21.30"",""Inter Coffee USU adalah kafe modern di area kampus Universitas Sumatera Utara (USU), tepatnya di dekat Wisma Internasional USU. """
"81,""café MJ"",""café"",""Jl. Pembangunan No.109-111, Padang Bulan, Kec. Medan Baru, Kota Medan, Sumatera Utara 20155"",""https://maps.app.goo.gl/xKfdcysMN1PyG1mg8"",""3.561880052877891"",""98.65329717080186"",""4.2"",""10.00-03.00"",""Cafe di area Universitas Sumatera Utara ini menawarkan suasana nyaman, kopi dan makanan ringan, cocok untuk nongkrong, belajar, atau diskusi santai."""
"82,""kampus kuphi"",""kedai kopi"",""Jl. Abdul Hakim, Padang Bulan Selayang I, Kec. Medan Selayang, Kota Medan, Sumatera Utara"",""https://maps.app.goo.gl/oomqEmdnkLo6rd6B8"",""3.5592503814198206"",""98.64778214998677"",""4.6"",""07.00-01.00"",""Kampus Kuphi adalah kedai kopi di Medan yang menawarkan suasana santai dan nyaman. Menyajikan berbagai kopi dan minuman ringan, tempat ini cocok untuk nongkrong, belajar, atau berkumpul bersama teman."""
"83,""Warkop 17 Susuk II"",""kedai kopi"",""Gg. Kampung, Jl. Abdul Hakim Gg. Susuk II No.17, Padang Bulan Selayang I, Kec. Medan Selayang, Kota Medan, Sumatera Utara 20155"",""https://maps.app.goo.gl/XveZCQgqzFy2bCsB6"",""3.5572754204152552"",""98.65216518962649"",""4.4"",""11.00-03.00"",""Tempat ini populer untuk nongkrong, menikmati kopi dan camilan ringan, serta berkumpul bersama teman atau rekan kerja."""
"84,""Waiting List Coffee"",""kedai kopi"",""Jl. Berdikari No.116, Padang Bulan, Kec. Medan Baru, Kota Medan, Sumatera Utara 20155"",""https://maps.app.goo.gl/A5RQHp62rot9iC26A"",""3.5573029680702253"",""98.65591683660548"",""4.8"",""07.00-23.00"",""Waiting List Coffee menghadirkan pengalaman ngopi yang santai dengan interior minimalis dan pencahayaan hangat. Tempat ini populer di kalangan mahasiswa dan profesional muda sebagai lokasi untuk bersantai, mengobrol, atau sekadar menikmati kopi spesial sambil bekerja."""
"85,""Koun"",""kedai kopi"",""Jl. Harmonika Baru No.200, Padang Bulan Selayang II, Kec. Medan Selayang, Kota Medan, Sumatera Utara 20156"",""https://maps.app.goo.gl/AwwSMy1F4VctJK236"",""3.555861461478742"",""98.65085041552594"",""4.5"",""12.00-00.00"",""Cafe ini menawarkan suasana santai dengan area outdoor yang luas dan pencahayaan natural. Cocok untuk nongkrong, menikmati kopi, atau bersantai sambil bekerja atau belajar."""
"86,""Oomi Lezato"",""kedai kopi"",""Jl. Abdul Hakim No.2, Padang Bulan Selayang I, Kec. Medan Selayang, Kota Medan, Sumatera Utara 20131"",""https://maps.app.goo.gl/KsyJa5VEcMUd6vmAA"",""3.560436252841096"",""98.64959171564418"",""4.2"",""10.00-00.00"",""Di Oomi Lezato, setiap cangkir kopi terasa istimewa. Suasana cozy dan aesthetic membuat kafe ini populer di kalangan anak muda Medan yang suka ngopi sambil foto-foto atau bekerja dengan laptop."""
"87,""Ayam Penyet Jakarta Doktor Mansyur"",""restoran ayam penyet"",""Jl. Dr. Mansyur No.45, Padang Bulan Selayang I, Kec. Medan Selayang, Kota Medan, Sumatera Utara 20153"",""https://maps.app.goo.gl/hsJADNH8aHqt1Ypu5"",""3.5675447335778543"",""98.65045055369546"",""4.1"",""09.00-23.00"",""restoran cepat saji yang menyajikan hidangan ayam penyet khas Indonesia dengan sambal pedas autentik. Tempat ini cocok untuk makan siang santai, berkumpul bersama teman, atau menikmati hidangan cepat dan lezat."""
"88,""Seblak Jeletet Medan"",""makanan siap saji"",""Jl. Dr. Mansyur No.23, Padang Bulan Selayang I, Kec. Medan Selayang, Kota Medan, Sumatera Utara 20121"",""https://maps.app.goo.gl/2erkH691jJcerYS86"",""3.567393758062007"",""98.65118311777074"",""4.4"",""10.00-22.00"",""warung yang menyediakan seblak pedas khas Bandung dengan cita rasa autentik. Tempat ini populer bagi pecinta makanan pedas, cocok untuk makan santai atau nongkrong sambil menikmati camilan hangat."""
"89,""Rumah Makan Pariaman Jaya"",""warung nasi padang"",""Jl. Sei Padang No.100-102, Merdeka, Kec. Medan Baru, Kota Medan, Sumatera Utara 20153"",""https://maps.app.goo.gl/ZnW1WTLGRMMX9ic29"",""3.570271638361176"",""98.65289853757542"",""4.6"",""10.00-23.00"",""warung makan yang banyak, tinggal pilih. Rasa juga enak, porsi besar klasik RM Padang. """
"90,""Garasi food & drink"",""kedai kopi"",""Jl. Pembangunan No.28, Padang Bulan, Kec. Medan Baru, Kota Medan, Sumatera Utara 20153"",""https://maps.app.goo.gl/tUYuUDUV2zmhQu979"",""3.565447540347838"",""98.65283001972595"",""4.4"",""11.00-00.00"",""Garasi Food & Drink adalah kafe dan tempat nongkrong yang menawarkan berbagai pilihan makanan dan minuman, mulai dari kopi hingga camilan ringan."""
"91,""Kotag coffe"",""kedai kopi"",""Jl. Dr. Mansyur sebrang Pintu 4, Merdeka, Kec. Medan Baru, Kota Medan, Sumatera Utara 20153"",""https://maps.app.goo.gl/iDYeWAFghuUFQBWCA"",""3.5675710483142873"",""98.65354875223065"",""4.9"",""10.00-22.00"",""Di KOTAG Coffee, setiap cangkir kopi hadir dengan pengalaman modern dan nyaman. Tempat ini populer bagi anak muda yang suka ngopi sambil ngobrol atau bekerja di suasana kekinian."""
"92,""RM BAKMI GANTANG"",""Warung Mie Non-Halal"",""Gg. Susuk VII, Padang Bulan Selayang I, Kec. Medan Selayang, Kota Medan, Sumatera Utara 20155"",""https://maps.app.goo.gl/BWLHnPuBPHEA3sYM9"",""3.560194950374088"",""98.65073868325793"",""4.1"",""18.00-00.00"",""warung Bakmi yang menyajikan bakmi non-halal dengan cita rasa autentik"""
"93,""RM. Fadilla"",""rumah makan"",""Jl. Sipirok, Padang Bulan Selayang I, Kec. Medan Selayang, Kota Medan, Sumatera Utara 20153"",""https://maps.app.goo.gl/f85QyrdNXjypJufL7"",""3.5702669244771124"",""98.65471435743191"",""4.4"",""09.00-21.00"",""warung makan menyajikan masakan khas Indonesia. Tempat ini cocok untuk makan santai bersama teman atau keluarga, dengan hidangan yang lezat dan porsi memuaskan."""
"94,""OFFLE DR MANSYUR"",""kedai kopi"",""Jl. Dr. Mansyur, Padang Bulan Selayang I, Kec. Medan Selayang, Kota Medan, Sumatera Utara 20153"",""https://maps.app.goo.gl/85perbPfTwzYqFFcA"",""3.567326485059302"",""98.65001083867912"",""5"",""09-00-23.00"",""kedai kopi dan minuman kekinian. Menyajikan berbagai kopi, minuman segar, dan camilan ringan, tempat ini cocok untuk nongkrong santai, bekerja, atau berkumpul dengan teman dalam suasana modern dan cozy."""
"95,""Warung DBD"",""Warung Makanan Dan Minuman"",""Jl. Sipirok No.86c, Padang Bulan Selayang I, Kec. Medan Selayang, Kota Medan, Sumatera Utara 20153"",""https://maps.app.goo.gl/2pDy3Pcc6FnmmVTR8"",""3.5692831125944053"",""98.65237646968016"",""4.6"",""09.30-20.00"",""warung makan yang terjangkau di sekitaran kos usu"""
"96,""Bhavandia"",""kedai kopi"",""Jl. DR. Sumarsono No.34, Merdeka, Kec. Medan Baru, Kota Medan, Sumatera Utara 20153"",""https://maps.app.goo.gl/67bgsSXfkKgJB2Eb6"",""3.569698841745166"",""98.6555537488043"",""4.9"",""11.00-23.00"",""Kedai kopi dengan suasana nyaman dan tenang, menyajikan kopi serta teh enak, cocok untuk mahasiswa yang ingin bekerja atau bersantai"""
"97,""Mamamatcha USU"",""kedai the"",""Jl. Dr. Mansyur No.60C, Merdeka, Kec. Medan Baru, Kota Medan, Sumatera Utara 20153"",""https://maps.app.goo.gl/WZktD8QkwaHmycpV9"",""3.567623444810595"",""98.65914032149959"",""5"",""10.00-19.00"",""kedai yang menjual matcha yang memiliki banyak pilihan rasa yang kekinian"""
"98,""Haven Brew USU"",""cafe"",""Jl. Prof T. Ma’as, Fakultas Kedokteran USU, Padang Bulan, Baru, Kec. Medan Selayang, Kota Medan, Sumatera Utara 20155"",""https://maps.app.goo.gl/NFb4PgKxiJnndeTp7"",""3.567121280142147"",""98.65994012680646"",""5"",""08.00-18.00"",""café yang terletak di area kampus lebih tepatnya fakultas kedokteran, memiliki harga yang terjangkau dan interior yang modern"""
"99,""AYAM GEPREK LEON"",""Warung Nasi Ayam"",""Jl. Abdul Hakim No.15, Susuk, Kec. Medan Selayang, Kota Medan, Sumatera Utara 20131"",""https://maps.app.goo.gl/LUrSt73egULeT71A8"",""3.5596102890190315"",""98.65271779697994"",""5"",""09.00-18.00"",""warung nasi ayam yang murah, sangat terjangkau oleh mahasiswa"""
"100,""Rumah Makan """"Bunga Acc"""""",""Warung Makanan Dan Minuman"",""Jl. Pembangunan No.91B, Padang Bulan, Kec. Medan Baru, Kota Medan, Sumatera Utara 20155"",""https://maps.app.goo.gl/VPLUQJkYzfYXWPFMA"",""3.563990598114321"",""98.65357647763858"",""5"",""09.00-18.00"",""warung nasi dengan harga yang aman di kantong mahasiswa"""
